alcohol_binary,人數 (Counts),比例 (Proportions)
0,6946,0.5482674244218171
1,5723,0.45173257557818297
