Analysis,Statistic,P-value,CI_Lower,CI_Upper
Proportion (Alcohol),23.008816552190474,3.80413037734231e-117,0.4430666720652639,0.46039847909110204
Mean (Weight),3.7007348028273093,0.0002158592235203563,68.25876587253137,68.84157863826329
