分析項目 (Project Tasks),統計量 (Z / T Stat),P 值 (P-value),統計顯著性 (Alpha=0.05)
1. 青少年飲酒比例 (單一樣本),23.008816552190474,3.80413037734231e-117,顯著 (Significant)
2. 青少年平均體重 (單一樣本),3.7007348028273093,0.0002158592235203563,顯著 (Significant)
3. 性別飲酒差異 (兩樣本對比),-1.344245502225726,0.17886901204413974,不顯著
4. 飲酒與過重關聯 (交叉分析),3.207406333143615,0.0013393766874376968,顯著 (Significant)
