Test_Type,Test_Statistic,P_Value,Conclusion
Proportion (Alcohol),23.044869730022928,1.6558867988682988e-117,Significant
Mean (Weight),2.742890778814924,0.006099250409532698,Significant
